{
  "name": "two-steps-from-hell",
  "title": "Two Steps From Hell",
  "description": "你们一行人接到了上级冒险者公会的委派，来到前威尔村彻查并清剿这里的盗贼团伙。（短团 踢门 冲就完事了）",
  "manifest": "https://cdn.jsdelivr.net/gh/feederze/two-steps-from-hell/world.json",
  "download": "https://cdn.jsdelivr.net/gh/feederze/two-steps-from-hell/two-steps-from-hell.zip",
  "authors": [],
  "flags": {},
  "version": "1.0.0",
  "scripts": [],
  "esmodules": [],
  "styles": [],
  "languages": [],
  "packs": [],
  "system": "dnd5e",
  "dependencies": [],
  "socket": false,
  "protected": false,
  "coreVersion": "0.8.9",
  "resetKeys": false,
  "safeMode": false,
  "systemVersion": "1.4.3"
}
