{
  "name": "two-steps-from-hell",
  "title": "【FVTT中文模组】咫尺地狱",
  "description": "你们一行人接到了上级冒险者公会的委派，来到前威尔村彻查并清剿这里的盗贼团伙。（短团 踢门 冲就完事了）",
  "version": "1.0.1",
  "minimumCoreVersion": "0.0.0",
  "compatibleCoreVersion": "1.0.0",
  "scripts": [],
  "esmodules": [],
  "styles": [],
  "packs": [],
  "languages": [],
  "authors": [],
  "keywords": [],
  "socket": false,
  "url": "",
  "manifest": "https://cdn.jsdelivr.net/gh/feederze/two-steps-from-hell/world.json",
  "download": "https://cdn.jsdelivr.net/gh/feederze/two-steps-from-hell/two-steps-from-hell.zip",
  "license": "",
  "readme": "",
  "bugs": "",
  "changelog": "",
  "background": "",
  "system": "dnd5e",
  "coreVersion": "0.8.9",
  "systemVersion": "1.4.3",
  "nextSession": "1970-01-01T00:00:00.000Z",
  "availability": 0,
  "unavailable": false
}